package	version	repository	optional	size	sha256	url
aapt	16.0.0.4-1	main	false	450512	8522f2d32078105fe8edaf5dc9413cfc566e9c4419b5427a61c0019d49f172c0	https://packages.termux.dev/apt/termux-main/pool/main/a/aapt/aapt_16.0.0.4-1_aarch64.deb
abseil-cpp	20260526.0	main	false	1197740	e489fac652cddc39d9436141e627285f1034a545a06fbb19c420514a419ad877	https://packages.termux.dev/apt/termux-main/pool/main/a/abseil-cpp/abseil-cpp_20260526.0_aarch64.deb
alsa-lib	1.2.16.1	main	false	453056	34d850de4cf6a832b638a125ac2b029a46697e7a44c66f88fb388486c93314a5	https://packages.termux.dev/apt/termux-main/pool/main/a/alsa-lib/alsa-lib_1.2.16.1_aarch64.deb
attr	2.6.0	main	false	56188	50a4d1238564a49985d398061ef61a0020348ddc84bd296e6450c5f0bdca2435	https://packages.termux.dev/apt/termux-main/pool/main/a/attr/attr_2.6.0_aarch64.deb
bash	5.3.15	main	false	956108	15f8fef866dad70f675c520d5f56d718a1b1c0cffe9f14e20fff8f8249377d46	https://packages.termux.dev/apt/termux-main/pool/main/b/bash/bash_5.3.15_aarch64.deb
binutils	2.47	main	false	2445400	332175eb2621c591f4ef80e335ddd42af8fef0d34cccd28123fc19ace8be8f74	https://packages.termux.dev/apt/termux-main/pool/main/b/binutils/binutils_2.47_aarch64.deb
brotli	1.2.0	main	false	340592	db1502601d40fb44e6085ad8bfd9311a8b472e98db831ceec9d404c5708bb52c	https://packages.termux.dev/apt/termux-main/pool/main/b/brotli/brotli_1.2.0_aarch64.deb
bzip2	1.0.8-8	main	false	26152	7b904d820c34b6c043067ca3c8cb67465413ea5eae3f529a0e05a9ae0df2b89a	https://packages.termux.dev/apt/termux-main/pool/main/b/bzip2/bzip2_1.0.8-8_aarch64.deb
c-ares	1.34.8	main	false	194924	7681fc23e822d7988ba8b2adf3468f93ae68f724dda365cff1385096a9fa87e6	https://packages.termux.dev/apt/termux-main/pool/main/c/c-ares/c-ares_1.34.8_aarch64.deb
ca-certificates	1:2026.07.16	main	false	104212	93dc49a8009012c29510081b8f07f30c57af9b10b1dae4f541231d8ee785b37a	https://packages.termux.dev/apt/termux-main/pool/main/c/ca-certificates/ca-certificates_1%3A2026.07.16_all.deb
clang	21.1.8-3	main	false	30740228	9fb565013b96ce10abd8f8f217aaebb48f72873f53acbf8886329bcea841a21c	https://packages.termux.dev/apt/termux-main/pool/main/c/clang/clang_21.1.8-3_aarch64.deb
cloudflared	2026.7.3-1	main	false	6486420	08e6f2d12a32937879288b92b1ce1c0e990e1e4068be7d9655eda45aea4791af	https://packages.termux.dev/apt/termux-main/pool/main/c/cloudflared/cloudflared_2026.7.3-1_aarch64.deb
cmake	4.4.2	main	false	10628408	37b47dd69c771d3cab8fb45f6c9505ad8006a9fc05abfdfcd694f163e047ca25	https://packages.termux.dev/apt/termux-main/pool/main/c/cmake/cmake_4.4.2_aarch64.deb
coreutils	9.11-1	main	false	813864	5fe326e19256ac2f0a2b278e780e26a848746a43ff37105cbdeddd4c527ccf57	https://packages.termux.dev/apt/termux-main/pool/main/c/coreutils/coreutils_9.11-1_aarch64.deb
curl	8.21.0	main	false	242488	6274522e6f172678ffbb70aa9fc82bb547117f3ba56f337735a44d19aaee9f40	https://packages.termux.dev/apt/termux-main/pool/main/c/curl/curl_8.21.0_aarch64.deb
dash	0.5.12-2	main	false	65836	47d1ffce6c74fd7b3201162f26e7449f69c96bbd0aee4bf60e80ea2ba6708839	https://packages.termux.dev/apt/termux-main/pool/main/d/dash/dash_0.5.12-2_aarch64.deb
dbus	1.16.2-3	main	false	428952	1b6d5e349708414acbbb1404210e32d4e3f390890d02e162639dec1016a8657b	https://packages.termux.dev/apt/termux-main/pool/main/d/dbus/dbus_1.16.2-3_aarch64.deb
dialog	1.3-20260107-1	main	false	100652	78a1c4e57ce8dc94b3d8d812d918796168484c18992fafa9f03adec10d7a634c	https://packages.termux.dev/apt/termux-main/pool/main/d/dialog/dialog_1.3-20260107-1_aarch64.deb
diffutils	3.12-2	main	false	162672	ab039ac163550ebb73a601f104da2dfb8bbd26f028086821c48edaa2384e68d2	https://packages.termux.dev/apt/termux-main/pool/main/d/diffutils/diffutils_3.12-2_aarch64.deb
espeak	1.52.0-1	main	false	8843796	e8a73c52e95489d3da9bb46117f3e2078000f24da8e4723dc1d6a77ef6642a89	https://packages.termux.dev/apt/termux-main/pool/main/e/espeak/espeak_1.52.0-1_aarch64.deb
ffmpeg	8.1.2-4	main	false	10972276	64b9615b005ed7ae47ead5daac578865558f6e40e9f2e44c0547d5edd24b79b6	https://packages.termux.dev/apt/termux-main/pool/main/f/ffmpeg/ffmpeg_8.1.2-4_aarch64.deb
fftw	3.3.11	main	false	1004996	0a5140986bbfc69dbfa8f939f78521fb3dc02a193b6c822b7218dae44d99ffd5	https://packages.termux.dev/apt/termux-main/pool/main/f/fftw/fftw_3.3.11_aarch64.deb
file	5.48-3	main	false	17536	4ccf6730b375d8be61043a78c78c7875a2df5018bccd42d6dcd44d881702cf16	https://packages.termux.dev/apt/termux-main/pool/main/f/file/file_5.48-3_aarch64.deb
findutils	4.10.0-1	main	false	251356	a7e9c3db936370077b5a8b012f4d47e994dd64192cc6e4a12ad9f99e82d3fcb5	https://packages.termux.dev/apt/termux-main/pool/main/f/findutils/findutils_4.10.0-1_aarch64.deb
fmt	1:11.2.0	main	false	168612	0377ac55cc99e409a5a2ba55a7cacf86fc1f79f330c2998801e293e95cac1996	https://packages.termux.dev/apt/termux-main/pool/main/f/fmt/fmt_1%3A11.2.0_aarch64.deb
fontconfig	2.18.3	main	false	140288	7f8b70dd7ca85b1e7cbb14a11e9e6bd4ce3189ab985aa7af51145484d85f2c61	https://packages.termux.dev/apt/termux-main/pool/main/f/fontconfig/fontconfig_2.18.3_aarch64.deb
freetype	2.14.3	main	false	412340	670d27d8f53ef2d887b67f8b82fa480f7132b65ac2264a39b3c5b4db637ee285	https://packages.termux.dev/apt/termux-main/pool/main/f/freetype/freetype_2.14.3_aarch64.deb
fribidi	1.0.16-1	main	false	64408	a15369457781dbe0af15344d9d184f22ad5da4a7546f94c44c3614646d1f6904	https://packages.termux.dev/apt/termux-main/pool/main/f/fribidi/fribidi_1.0.16-1_aarch64.deb
fzf	0.74.2	main	false	1424924	8e51b6137c549bab647a854f44be425803929383ba2e39fa7df37037c8f73303	https://packages.termux.dev/apt/termux-main/pool/main/f/fzf/fzf_0.74.2_aarch64.deb
game-music-emu	0.6.5	main	false	127952	ffe1c43919d485409b2459d462b2dc6389492afeea869aef701b391a4ed29c67	https://packages.termux.dev/apt/termux-main/pool/main/g/game-music-emu/game-music-emu_0.6.5_aarch64.deb
gawk	5.3.2	main	false	872744	4e5c3163cf0e845434f25560db21920bf7970a7d7fb4462bd73360258c879717	https://packages.termux.dev/apt/termux-main/pool/main/g/gawk/gawk_5.3.2_aarch64.deb
gdbm	1.26-1	main	false	150284	c378de833aae3cf41f3028491ea11836479d9833ab653edc27d0c0e0e691d5c5	https://packages.termux.dev/apt/termux-main/pool/main/g/gdbm/gdbm_1.26-1_aarch64.deb
gdk-pixbuf	2.44.7	main	false	153324	c799fa9f08c6456d1187a35bab38ab32b8cb20a713b4eef3fbab95b094b0fc55	https://packages.termux.dev/apt/termux-main/pool/main/g/gdk-pixbuf/gdk-pixbuf_2.44.7_aarch64.deb
gh	2.97.0	main	false	9723888	dd578457a160dc86dbeb08a106584eb859ff34d9703c36938e20d797e3b74d4a	https://packages.termux.dev/apt/termux-main/pool/main/g/gh/gh_2.97.0_aarch64.deb
giflib	5.2.2-2	main	false	18220	4d30733db0778db1aa2a24fcc39bb97597795e96e85f0ba1ed166965ad1354dc	https://packages.termux.dev/apt/termux-main/pool/main/g/giflib/giflib_5.2.2-2_aarch64.deb
git	2.55.0	main	false	4486868	21b16fa06837e5bf94ad257da532c40eb049c120d21f6cb60a6411c0bcee7197	https://packages.termux.dev/apt/termux-main/pool/main/g/git/git_2.55.0_aarch64.deb
glib	2.88.3	main	false	2557432	b1bfc40c4cfde83470de9efac1e546fdf643b77a966c20a8612bddc7c59cd3dc	https://packages.termux.dev/apt/termux-main/pool/main/g/glib/glib_2.88.3_aarch64.deb
glslang	16.5.0	main	false	2530880	9b1f96bdb0c7679c79d9ae60c1089deb38c0f8731a80232795fbd3aa582f8ac7	https://packages.termux.dev/apt/termux-main/pool/main/g/glslang/glslang_16.5.0_aarch64.deb
gobject-introspection	1.86.0-2	main	true	203612	e94124718af645c3a250fde2924b3b82861b7ce48f873b0a871ced6207434d56	https://packages.termux.dev/apt/termux-main/pool/main/g/gobject-introspection/gobject-introspection_1.86.0-2_aarch64.deb
grep	3.12-3	main	false	128312	a2819b49c621b61567e39c5c647d5ed6fe9d51eab71ed73eebf18be76719457d	https://packages.termux.dev/apt/termux-main/pool/main/g/grep/grep_3.12-3_aarch64.deb
gzip	1.14-1	main	false	87548	5af23d04f40ef62401ed4f99dbb2087740e44aa8ae8c9f3c0ac2d56aa6551348	https://packages.termux.dev/apt/termux-main/pool/main/g/gzip/gzip_1.14-1_aarch64.deb
harfbuzz	14.3.0	main	false	831924	bba2de01bf1ad28ce6c76a3d0bf6e37cff9238fcb4fe8804be184b6699b3d1f0	https://packages.termux.dev/apt/termux-main/pool/main/h/harfbuzz/harfbuzz_14.3.0_aarch64.deb
imlib2	1.12.6-1	main	false	511052	98c0896cb34ad75a98af10b9c0e87589743429dd6ae518641f2dc2a547d9df0e	https://packages.termux.dev/apt/termux-main/pool/main/i/imlib2/imlib2_1.12.6-1_aarch64.deb
inetutils	2.7	main	false	240048	3920d3ceef5e90fb29a43cff19438de7ec0aac9d96355de8ba2a5bc5d3817acb	https://packages.termux.dev/apt/termux-main/pool/main/i/inetutils/inetutils_2.7_aarch64.deb
jack	0.0.1	main	false	696	b93031465c558a492220f00d6cb0815c02fb647640288c24522283561e8b5b8b	https://packages.termux.dev/apt/termux-main/pool/main/j/jack/jack_0.0.1_all.deb
jack2	1.9.22-2	main	false	374516	7dbdb39e94cfe52567fb86524de3303b03eb1707c82a81a1155482ccc8e9d2e8	https://packages.termux.dev/apt/termux-main/pool/main/j/jack2/jack2_1.9.22-2_aarch64.deb
jq	1.8.2	main	false	184516	0eac323797c5d70c35f5fb935c58b5fd7528937584a1aebbd5c5b965d1663afa	https://packages.termux.dev/apt/termux-main/pool/main/j/jq/jq_1.8.2_aarch64.deb
jsoncpp	1.9.8	main	false	96112	872523b31f0cb92e7c7c88db946c1765ef322b7878571887a08f973a215a5d3e	https://packages.termux.dev/apt/termux-main/pool/main/j/jsoncpp/jsoncpp_1.9.8_aarch64.deb
krb5	1.22.2	main	false	902380	3c97dcc7437616bb4051297822915bd2ff9552e63a5fbee2520db3fc0c5b575d	https://packages.termux.dev/apt/termux-main/pool/main/k/krb5/krb5_1.22.2_aarch64.deb
ldns	1.8.4-1	main	false	302804	8bd23534a13f8743458bf4c0add9bb30addee5f3f088c0b00c525a404e4097a4	https://packages.termux.dev/apt/termux-main/pool/main/l/ldns/ldns_1.8.4-1_aarch64.deb
less	704	main	false	138696	350d5ec24969106b5fb43695944aed21e388571a7506d1716b1fa3d9d2110f3a	https://packages.termux.dev/apt/termux-main/pool/main/l/less/less_704_aarch64.deb
libacl	2.4.0	main	false	123540	cb620e33405e74b566cb05740dca488705cf0c475ec7f795fa333412211b6d92	https://packages.termux.dev/apt/termux-main/pool/main/liba/libacl/libacl_2.4.0_aarch64.deb
libandroid-execinfo	0.1-3	main	false	14964	725dd2c6da7fc96e860fcc928e18aa9fb0e85e0bdcaf4f8ce0f0654ca6860fc2	https://packages.termux.dev/apt/termux-main/pool/main/liba/libandroid-execinfo/libandroid-execinfo_0.1-3_aarch64.deb
libandroid-glob	0.6-3	main	false	7032	2276ae8adedf0db76c2f4ffc94cc4cceb2f4f5d78e021b54e2e046d1233e7826	https://packages.termux.dev/apt/termux-main/pool/main/liba/libandroid-glob/libandroid-glob_0.6-3_aarch64.deb
libandroid-posix-semaphore	0.1-4	main	false	4076	0efa8677a0166315ba4e685863712eba0ca0a1732827492f38226e2723730c7a	https://packages.termux.dev/apt/termux-main/pool/main/liba/libandroid-posix-semaphore/libandroid-posix-semaphore_0.1-4_aarch64.deb
libandroid-selinux	14.0.0.11-1	main	false	59624	00afd8c34087c2864737b51fd9d104dc5e955f6ec3c0f50c0c7ef5b4a56866b9	https://packages.termux.dev/apt/termux-main/pool/main/liba/libandroid-selinux/libandroid-selinux_14.0.0.11-1_aarch64.deb
libandroid-shmem	0.7	main	false	7216	0da3a24d558b93c92bcf8d611e0826a99ff96e396b148e6cdf33b47c47c57ff6	https://packages.termux.dev/apt/termux-main/pool/main/liba/libandroid-shmem/libandroid-shmem_0.7_aarch64.deb
libandroid-spawn	0.3	main	true	15216	7988fa788ef48ab5da9660443905a2e4099ac36221739d72f5c39acc644b4d1c	https://packages.termux.dev/apt/termux-main/pool/main/liba/libandroid-spawn/libandroid-spawn_0.3_aarch64.deb
libandroid-stub	29-2	main	false	23312	17eab0b8fc1c9271b3f7aa0658564086feb082fa88f13aa3a03608f1fb3bb538	https://packages.termux.dev/apt/termux-main/pool/main/liba/libandroid-stub/libandroid-stub_29-2_aarch64.deb
libandroid-support	29-1	main	false	10880	f2f145d6135ad4843ac9670153be3e3944dc1e6f1736d46d2306c28f2b86f517	https://packages.termux.dev/apt/termux-main/pool/main/liba/libandroid-support/libandroid-support_29-1_aarch64.deb
libandroid-sysv-semaphore	0.1-1	main	false	3568	c3369a92814690d56278d0455ae6df7bf2ad7678ae9543e86d1e3aa433937c69	https://packages.termux.dev/apt/termux-main/pool/main/liba/libandroid-sysv-semaphore/libandroid-sysv-semaphore_0.1-1_aarch64.deb
libao	1.2.2-8	main	false	34832	4256952da11bc49e68e872e8f72cf5ce8512a8d01343cd301dc0603a3bbf17f6	https://packages.termux.dev/apt/termux-main/pool/main/liba/libao/libao_1.2.2-8_aarch64.deb
libaom	3.14.1	main	false	2068784	305808ea5116933b0c6b851d1189bcca4c269cbd5c2aa9be7d80a2014023238e	https://packages.termux.dev/apt/termux-main/pool/main/liba/libaom/libaom_3.14.1_aarch64.deb
libarchive	3.8.9	main	false	394808	3c1d06ebcfdb6ed8b2053ef36cbe003f088e931bd022d520de80e65a50291fba	https://packages.termux.dev/apt/termux-main/pool/main/liba/libarchive/libarchive_3.8.9_aarch64.deb
libass	0.17.5	main	false	85252	4f94205285ea2062be4f60e695723a6f3350339ec89720943b0dce5ae30db01d	https://packages.termux.dev/apt/termux-main/pool/main/liba/libass/libass_0.17.5_aarch64.deb
libavif	1.4.2	main	false	385324	98d2b89c5547d07191c55c7a4efe4a0906c600953b62504056ebe96baafce52e	https://packages.termux.dev/apt/termux-main/pool/main/liba/libavif/libavif_1.4.2_aarch64.deb
libbluray	1.5.0	main	false	110484	8045df20cfb42de55c14990137391a0cb2f72fa709df672e86e0ebb6107fbf39	https://packages.termux.dev/apt/termux-main/pool/main/libb/libbluray/libbluray_1.5.0_aarch64.deb
libbs2b	3.1.0-2	main	false	13636	c71660d99e4baa064ba93f0ef750b6b2ea0d1d494a754cf1c67b550bb4baa91d	https://packages.termux.dev/apt/termux-main/pool/main/libb/libbs2b/libbs2b_3.1.0-2_aarch64.deb
libbsd	0.11.7-3	main	true	151152	7f4ab1b8ccd905eb10568aa747967cedd5049d6ad92e4d91e4c7cb4f53a1927b	https://packages.termux.dev/apt/termux-main/pool/main/libb/libbsd/libbsd_0.11.7-3_aarch64.deb
libbz2	1.0.8-8	main	false	26116	4335d7f060650b0aabef545d1334c2f9f280223d5962e13c24a00ec934b794ba	https://packages.termux.dev/apt/termux-main/pool/main/libb/libbz2/libbz2_1.0.8-8_aarch64.deb
libc++	29	main	false	334828	bb9f12113c137aa0e8513bb51cc49fe77a5ce3ca39ab9e92c57d228ecdf00222	https://packages.termux.dev/apt/termux-main/pool/main/libc/libc++/libc++_29_aarch64.deb
libcaca	0.99.beta20-3	main	false	249056	1b02d089bb2aa918dcf7ff19fe3b7c119b07c5e532922897eb88b3ef934e0eeb	https://packages.termux.dev/apt/termux-main/pool/main/libc/libcaca/libcaca_0.99.beta20-3_aarch64.deb
libcairo	1.18.4-2	main	false	485284	ea7a4341c6c3186fec785e1395bda26b4d99cddb0f73cffcbe8c38a8bc2fa68f	https://packages.termux.dev/apt/termux-main/pool/main/libc/libcairo/libcairo_1.18.4-2_aarch64.deb
libcap	2.69-1	main	true	74288	775df17dd5cb13459cb4849b36cdf66165578c623cd38af571601814d787e1b2	https://packages.termux.dev/apt/termux-main/pool/main/libc/libcap/libcap_2.69-1_aarch64.deb
libcap-ng	2:0.9.3	main	false	38896	4b8085605029eb4a88eacb4850e28a4294bd0bef865dbe00271d98f99234d1e5	https://packages.termux.dev/apt/termux-main/pool/main/libc/libcap-ng/libcap-ng_2%3A0.9.3_aarch64.deb
libcompiler-rt	21.1.8-3	main	false	3024604	89de02f642e34fa6494ad16105bd08510bd1dbdbe4fdb2b297aaa4f4e8e534b6	https://packages.termux.dev/apt/termux-main/pool/main/libc/libcompiler-rt/libcompiler-rt_21.1.8-3_aarch64.deb
libcrypt	0.2-6	main	false	8880	6c283eed576b98cc3568f99638156f8588f77d979579d03bef8683d6eb8601e1	https://packages.termux.dev/apt/termux-main/pool/main/libc/libcrypt/libcrypt_0.2-6_aarch64.deb
libcurl	8.21.0	main	false	1017056	ad644c7e16183d40eaf0f55df339021a69b25cc9b390e9634251e681be1ddcb8	https://packages.termux.dev/apt/termux-main/pool/main/libc/libcurl/libcurl_8.21.0_aarch64.deb
libdav1d	1.5.4	main	false	265960	4c2ffdcbbb805727caaa2e91b56917830dbacf4245dd439cf2e1c0d61a541613	https://packages.termux.dev/apt/termux-main/pool/main/libd/libdav1d/libdav1d_1.5.4_aarch64.deb
libdb	18.1.40-6	main	false	496988	60bfb4e8bed834d334806f39aae27ffc11ab819f2da2f9abb7a3b2d37970a532	https://packages.termux.dev/apt/termux-main/pool/main/libd/libdb/libdb_18.1.40-6_aarch64.deb
libde265	1.1.1	main	false	192672	dd971fa634db60823f40da521a2a76d3fc5f0aa0be149faf79403d2e7a6b5224	https://packages.termux.dev/apt/termux-main/pool/main/libd/libde265/libde265_1.1.1_aarch64.deb
libdrm	2.4.134	main	false	180604	0cbe82140cf325c15473fbf53a3711fc7a2fb88e36a3eea58a3267c461ab4a17	https://packages.termux.dev/apt/termux-main/pool/main/libd/libdrm/libdrm_2.4.134_aarch64.deb
libdvdnav	7.0.0	main	false	49404	fd8509a88b5966cdadf9925b2687e50c31d796e773cb326e651e76c0a3b16958	https://packages.termux.dev/apt/termux-main/pool/main/libd/libdvdnav/libdvdnav_7.0.0_aarch64.deb
libdvdread	7.1.1	main	false	78252	8e1606f7d2aec40c9e8f748ab595cf0f684c998b4642bc59fa6b18b5fe1d2fb0	https://packages.termux.dev/apt/termux-main/pool/main/libd/libdvdread/libdvdread_7.1.1_aarch64.deb
libedit	20260512-3.1-0	main	false	79888	728da8f45e9c0027f0c5844346dd8cea153a43394bceee36a257972acf0ed440	https://packages.termux.dev/apt/termux-main/pool/main/libe/libedit/libedit_20260512-3.1-0_aarch64.deb
libevent	2.1.13	main	false	202848	cf99e8e6cd1218c0e4956d2ee69efbb26520211b3e03407463eac9016fe55f25	https://packages.termux.dev/apt/termux-main/pool/main/libe/libevent/libevent_2.1.13_aarch64.deb
libexpat	2.8.3	main	false	96240	86dac6db293a44dc2689d4a28fdba96e38fccd378a9c9ef17b4e840b4cf4d81c	https://packages.termux.dev/apt/termux-main/pool/main/libe/libexpat/libexpat_2.8.3_aarch64.deb
libffi	3.5.2	main	false	31128	8c8c1d6ffb049d8496a21c1202d9b4dc9145140886fdbb45716684565f4ed3f5	https://packages.termux.dev/apt/termux-main/pool/main/libf/libffi/libffi_3.5.2_aarch64.deb
libflac	1.5.0-1	main	false	202828	d1d6fcac6fd6d15c36f34464cb01d5e2140e321d8448dfc396cd7eb1536b1f6c	https://packages.termux.dev/apt/termux-main/pool/main/libf/libflac/libflac_1.5.0-1_aarch64.deb
libgcrypt	1.12.2	main	false	513176	52283f62c1160fb4fbde5e37772617cf99abe3d27e5d98b2cb4c6f04b22d7d90	https://packages.termux.dev/apt/termux-main/pool/main/libg/libgcrypt/libgcrypt_1.12.2_aarch64.deb
libgd	1:2.3.3-7	main	false	126060	6453d3e80a96333638889e4c325aff2f33d478c53cb51062b84d4ae176d9f4d7	https://packages.termux.dev/apt/termux-main/pool/main/libg/libgd/libgd_1%3A2.3.3-7_aarch64.deb
libgmp	6.3.0-2	main	false	328368	5a3c1325638946ca212ddcb89bffb2c4459b4c90757d6e69f820e176534037fa	https://packages.termux.dev/apt/termux-main/pool/main/libg/libgmp/libgmp_6.3.0-2_aarch64.deb
libgnutls	3.8.13-1	main	true	776696	eb12f2cf82923caf288edd99bc4c19a9dd0cf1de4a03855ff4457a1bbdae146d	https://packages.termux.dev/apt/termux-main/pool/main/libg/libgnutls/libgnutls_3.8.13-1_aarch64.deb
libgpg-error	1.61	main	false	121284	452afa22fe36e4d79679e91eae6e22855dd1f855e2a7e1840736279b26611d8f	https://packages.termux.dev/apt/termux-main/pool/main/libg/libgpg-error/libgpg-error_1.61_aarch64.deb
libgraphite	1.3.15	main	false	82208	15ac85737a35150cecb9e46ecb32567ae2a4fc28071cdf58fb95e1b77d7889d9	https://packages.termux.dev/apt/termux-main/pool/main/libg/libgraphite/libgraphite_1.3.15_aarch64.deb
libheif	1.23.1-1	main	false	572716	b0877a2b777820d7e2034685cfcdc8f7bc08e217605dd4ab511cfd3a73e64140	https://packages.termux.dev/apt/termux-main/pool/main/libh/libheif/libheif_1.23.1-1_aarch64.deb
libiconv	1.18-1	main	false	561152	b19e6f348034bb48d2a5590b5cb242769f682c476717374d134d004cc663dc84	https://packages.termux.dev/apt/termux-main/pool/main/libi/libiconv/libiconv_1.18-1_aarch64.deb
libicu	78.3	main	false	10210396	f536403f65a08fe0df6e7304184e902d54def77d5c3bd5edfd9109d57601d276	https://packages.termux.dev/apt/termux-main/pool/main/libi/libicu/libicu_78.3_aarch64.deb
libid3tag	0.16.4-1	main	false	30556	3e472561e6791800f674a6fb6781cc600f57144eba83ea5bc08985ce5fb6cb3a	https://packages.termux.dev/apt/termux-main/pool/main/libi/libid3tag/libid3tag_0.16.4-1_aarch64.deb
libidn2	2.3.8-1	main	false	105308	a450a1ba25759ebf78738484a3efee316c51a1fe7bafb0b01a68e2c058a91020	https://packages.termux.dev/apt/termux-main/pool/main/libi/libidn2/libidn2_2.3.8-1_aarch64.deb
libjpeg-turbo	3.2.0	main	false	453600	e6339075bcde28b4902d5a51f4063164834abfd2fa115e881ae637a34585e54f	https://packages.termux.dev/apt/termux-main/pool/main/libj/libjpeg-turbo/libjpeg-turbo_3.2.0_aarch64.deb
libjxl	0.12.0	main	false	1497484	3f8821c1aea697a8403e0b01746182c9babf512d47611e9b6de53ecbcc20d048	https://packages.termux.dev/apt/termux-main/pool/main/libj/libjxl/libjxl_0.12.0_aarch64.deb
libllvm	21.1.8-3	main	false	30733892	5056a73f2645fc9c0759e6f94a1bd6edcf36305acaef58dc685211ced9cc2a02	https://packages.termux.dev/apt/termux-main/pool/main/libl/libllvm/libllvm_21.1.8-3_aarch64.deb
libltdl	2.6.2	main	false	17996	7b4643fe9d0ab42c0c3c8a1018640816bdb43d422f2268a5e4ea80675624f539	https://packages.termux.dev/apt/termux-main/pool/main/libl/libltdl/libltdl_2.6.2_aarch64.deb
liblzma	5.8.3	main	false	193040	594925a313879f590fbd24050305551a78eadd9a9319f6e612389b1a521113c6	https://packages.termux.dev/apt/termux-main/pool/main/libl/liblzma/liblzma_5.8.3_aarch64.deb
liblzo	2.10-5	main	false	69560	b8a6d232d592dcd6529589c817927cca3254f3ab40a85fce873d997ace7d1ca2	https://packages.termux.dev/apt/termux-main/pool/main/libl/liblzo/liblzo_2.10-5_aarch64.deb
libmad	0.16.4-2	main	false	63492	4c80f7d460bb4895db93c457c3c090802ee4256edffeb2621736694b3ec04de8	https://packages.termux.dev/apt/termux-main/pool/main/libm/libmad/libmad_0.16.4-2_aarch64.deb
libmagic	5.48-3	main	false	396656	e1ea626c31ac38e31023a61a1b1d347c60caaa860ff4e68f176e3a88806af2cb	https://packages.termux.dev/apt/termux-main/pool/main/libm/libmagic/libmagic_5.48-3_aarch64.deb
libmd	1.1.0-1	main	true	40572	a3fbba499bd8324d3eddb3b8c46fac9577c88772b415b3cf914f39fcbceeb1ef	https://packages.termux.dev/apt/termux-main/pool/main/libm/libmd/libmd_1.1.0-1_aarch64.deb
libmp3lame	3.100-7	main	false	114708	8c28c74209eb5c31675b4e9c1ee5193c1bf22c49ff5965612dcf9aede5d870d9	https://packages.termux.dev/apt/termux-main/pool/main/libm/libmp3lame/libmp3lame_3.100-7_aarch64.deb
libmpfr	4.2.1-1	main	false	272112	5edf5a36e6f4773dc827d37ea515db27c242d3631f3030188a3324be2e00e4c6	https://packages.termux.dev/apt/termux-main/pool/main/libm/libmpfr/libmpfr_4.2.1-1_aarch64.deb
libmpg123	1.33.5	main	false	174520	881cc85f8395a675407406ca026ac9cc81eddcf4df01f93d7f67956a63c21d5c	https://packages.termux.dev/apt/termux-main/pool/main/libm/libmpg123/libmpg123_1.33.5_aarch64.deb
libmysofa	1.3.5	main	false	1160956	b083050d4bc0bd11db0f73382ae3db8c5dc352520b78aaa44f150d87cff80215	https://packages.termux.dev/apt/termux-main/pool/main/libm/libmysofa/libmysofa_1.3.5_aarch64.deb
libnettle	4.0+really3.10.2	main	true	405656	f2d2a84083e66beab642e88496eb16976ccdb12d1278466e687f01431db8a5fb	https://packages.termux.dev/apt/termux-main/pool/main/libn/libnettle/libnettle_4.0+really3.10.2_aarch64.deb
libnghttp2	1.70.0	main	false	95924	ab2e0a3408fe4934ffdf774bd5049a265db2e6db62dcb651baecbecfb81e3f0b	https://packages.termux.dev/apt/termux-main/pool/main/libn/libnghttp2/libnghttp2_1.70.0_aarch64.deb
libnghttp3	1.18.0	main	false	69668	0be2ee96def3608afaf24eb0b4b55f3484a37c95ea21bb1d6d85c7d543467603	https://packages.termux.dev/apt/termux-main/pool/main/libn/libnghttp3/libnghttp3_1.18.0_aarch64.deb
libngtcp2	1.25.0	main	false	174068	f471bad7f4329b6b0b4aedf124e0a23a35f6ac99bfbae73304136f8bfd570fc3	https://packages.termux.dev/apt/termux-main/pool/main/libn/libngtcp2/libngtcp2_1.25.0_aarch64.deb
libogg	1.3.6-1	main	false	188636	4f1700a532f251ad3600f44f88cd764f1f6b0542d3343391117944b47a92802d	https://packages.termux.dev/apt/termux-main/pool/main/libo/libogg/libogg_1.3.6-1_aarch64.deb
libopencore-amr	0.1.6-1	main	false	111688	8ad25c12b892d56e85a21517d814146109fea7865b2548b8637743d7d6e0fee2	https://packages.termux.dev/apt/termux-main/pool/main/libo/libopencore-amr/libopencore-amr_0.1.6-1_aarch64.deb
libopenmpt	0.8.7	main	false	543344	f2d2ccd6824943c3ae0f7b8885efb059cf39ebce3c10b2998053c51d81b4ed3a	https://packages.termux.dev/apt/termux-main/pool/main/libo/libopenmpt/libopenmpt_0.8.7_aarch64.deb
libopus	1.6.1	main	false	191480	005a9335ce0ec0f510bbe6e0229c901d6f920cc375fcda56461e96cef70f8ff0	https://packages.termux.dev/apt/termux-main/pool/main/libo/libopus/libopus_1.6.1_aarch64.deb
libpcap	1.10.5-1	main	false	228384	3cc510e9f6ed2ef5e6537c59d1bd5f752d591664a7999d4325037a6f5eb924eb	https://packages.termux.dev/apt/termux-main/pool/main/libp/libpcap/libpcap_1.10.5-1_aarch64.deb
libpixman	0.46.4-1	main	false	157712	364b8c82ff68f8513930e5d413459fb7c52eccc7ba75a97a8c5a38760eee8d33	https://packages.termux.dev/apt/termux-main/pool/main/libp/libpixman/libpixman_0.46.4-1_aarch64.deb
libplacebo	7.360.1	main	false	416772	903ba38d4b1184a7fb37584e93967a73791f5df22fb3f81de5b33051b77b73ca	https://packages.termux.dev/apt/termux-main/pool/main/libp/libplacebo/libplacebo_7.360.1_aarch64.deb
libpng	1.6.58	main	false	195716	e47937405c72734867513cf0c63d27f36400d462666b65dfada984667d7228c4	https://packages.termux.dev/apt/termux-main/pool/main/libp/libpng/libpng_1.6.58_aarch64.deb
libpopt	1.19-3	main	true	33272	8de7d28d5bb749fa1e38d229638e2f0b8c15bddd9d0eae3217b7a52fe5668145	https://packages.termux.dev/apt/termux-main/pool/main/libp/libpopt/libpopt_1.19-3_aarch64.deb
librav1e	0.8.1	main	false	695340	ac7842a5896bdff1b4d4974d9c02e60f7d4a587b8618df691118a8591f8dbccf	https://packages.termux.dev/apt/termux-main/pool/main/libr/librav1e/librav1e_0.8.1_aarch64.deb
libresolv-wrapper	1.1.7-6	main	false	11492	788de09ffcc307bdbaf541dbe06cf79e54d8a2390fef1223727ee33d9bdfee9e	https://packages.termux.dev/apt/termux-main/pool/main/libr/libresolv-wrapper/libresolv-wrapper_1.1.7-6_aarch64.deb
librsvg	2.62.3	main	false	5353480	e6b3541d7b05e119bae291b4ed65e3f8695cbe34c5827340f39543c746da5160	https://packages.termux.dev/apt/termux-main/pool/main/libr/librsvg/librsvg_2.62.3_aarch64.deb
libsamplerate	0.2.2-4	main	false	973440	521d46cc49557c00b2d5c107da1f86f0cdda8a3a3b84bd9958bd7fc52bec2dae	https://packages.termux.dev/apt/termux-main/pool/main/libs/libsamplerate/libsamplerate_0.2.2-4_aarch64.deb
libsixel	1.10.5-1	main	false	95276	6453994be51670851e2da6fcb676dc44140d095dec1a7395b9c05cc77fdc5126	https://packages.termux.dev/apt/termux-main/pool/main/libs/libsixel/libsixel_1.10.5-1_aarch64.deb
libsmartcols	2.42.1-4	main	false	103388	94172cad650f192ef00b7d9ab2fb077b079a6204b1c3b96db6f1806e281fbfa3	https://packages.termux.dev/apt/termux-main/pool/main/libs/libsmartcols/libsmartcols_2.42.1-4_aarch64.deb
libsndfile	1.2.2-3	main	false	223576	1e1fb77b14ec26f3ff6ded069e9ec816ab7535ae5d074122c6727b0f59d8aff3	https://packages.termux.dev/apt/termux-main/pool/main/libs/libsndfile/libsndfile_1.2.2-3_aarch64.deb
libsodium	1.0.22-1	main	false	150908	a9fbbc3a7a5a2a0f514474ee706d49b576ac09268b87142a3690edb9f5f3643d	https://packages.termux.dev/apt/termux-main/pool/main/libs/libsodium/libsodium_1.0.22-1_aarch64.deb
libsoxr	0.1.3-8	main	false	282436	a1c5f66aae3b9900e9a492b43901b2b98586870c7905feb9f3c835cc9af464be	https://packages.termux.dev/apt/termux-main/pool/main/libs/libsoxr/libsoxr_0.1.3-8_aarch64.deb
libsqlite	3.53.4	main	false	759764	0e909ce0d50fe123305446cd22e0c5edf535d40344b9b065fbdcdee52f53198d	https://packages.termux.dev/apt/termux-main/pool/main/libs/libsqlite/libsqlite_3.53.4_aarch64.deb
libsrt	1.5.6	main	false	277844	a9eed3fb8c71d2e2cd82a2611dd6af5105a6aaa21d0e6b1f3c886dd766391e24	https://packages.termux.dev/apt/termux-main/pool/main/libs/libsrt/libsrt_1.5.6_aarch64.deb
libssh	0.12.2	main	false	234304	05cfb1d6f70e9b316f1eac7a5ec9139f884e644d6d91e668e9ca49716aad8ff0	https://packages.termux.dev/apt/termux-main/pool/main/libs/libssh/libssh_0.12.2_aarch64.deb
libssh2	1.11.1-2	main	false	219220	1add4e0a926b848814e7e2f1817ea28b123c54cabd5bbc4e5cfd65291cbad84e	https://packages.termux.dev/apt/termux-main/pool/main/libs/libssh2/libssh2_1.11.1-2_aarch64.deb
libtalloc	2.4.3	main	false	33128	ac81ad623d74c209718b9f3acb2dd702cc8a88c431e820d212229910b4db29da	https://packages.termux.dev/apt/termux-main/pool/main/libt/libtalloc/libtalloc_2.4.3_aarch64.deb
libtasn1	4.21.0	main	true	101344	1d02de3a7e5ef4ff7d893597091176b8ddf135f1ddfacff951f76c18711a7342	https://packages.termux.dev/apt/termux-main/pool/main/libt/libtasn1/libtasn1_4.21.0_aarch64.deb
libtdb	1.4.15	main	true	38832	a247f77c4ce5364a6debaccb7ebcac99bf5c3bbca85733159a5320bb4fcb6a52	https://packages.termux.dev/apt/termux-main/pool/main/libt/libtdb/libtdb_1.4.15_aarch64.deb
libtheora	1.2.0-1	main	false	132020	9d4582f14f71df7a48101ee05297a57a898654ead55ef10ca4d73e254151b1e8	https://packages.termux.dev/apt/termux-main/pool/main/libt/libtheora/libtheora_1.2.0-1_aarch64.deb
libtiff	4.7.2	main	false	869912	998c583d65d7d42dcb177548a218545661f02385a51bb9f5c24f0da4fd046574	https://packages.termux.dev/apt/termux-main/pool/main/libt/libtiff/libtiff_4.7.2_aarch64.deb
libtirpc	1.3.7-1	main	true	123928	462a7440bc11b7f8dcd267c2b58fec3dbbde7ccea5287fcb9fe90b0a3a0309ae	https://packages.termux.dev/apt/termux-main/pool/main/libt/libtirpc/libtirpc_1.3.7-1_aarch64.deb
libuchardet	0.0.8-2	main	false	99912	a121a2b433b39a346cb6f20154c5659e86177eae103a64989ba72aab2aa5a878	https://packages.termux.dev/apt/termux-main/pool/main/libu/libuchardet/libuchardet_0.0.8-2_aarch64.deb
libudfread	1.2.0	main	false	15072	61a7e02c30ae61f9cbe46bf8cefa8e361a16b29010a07cacb43513ff533df81c	https://packages.termux.dev/apt/termux-main/pool/main/libu/libudfread/libudfread_1.2.0_aarch64.deb
libunbound	1.26.0	main	true	384980	b7dc8206c8aa22463938b2691f15358b5a656f04100e24ad799b50df0a7a0a1a	https://packages.termux.dev/apt/termux-main/pool/main/libu/libunbound/libunbound_1.26.0_aarch64.deb
libunistring	1.4.2	main	false	561924	5ff75cdf3ddd4ddf5dc9705050f270c3422820295a4b26f93496d3e8e9060122	https://packages.termux.dev/apt/termux-main/pool/main/libu/libunistring/libunistring_1.4.2_aarch64.deb
libuuid	2.42.1-4	main	false	15432	3458abaa8794d15a9d7763928f00c78e512af06cb3965dd5d8f550ff82c0e27d	https://packages.termux.dev/apt/termux-main/pool/main/libu/libuuid/libuuid_2.42.1-4_aarch64.deb
libuv	1.52.1	main	false	81948	874f556fddccf3f5cfc6c6be18c1cd927c94771bac7c1c660522aa90576b7b45	https://packages.termux.dev/apt/termux-main/pool/main/libu/libuv/libuv_1.52.1_aarch64.deb
libv4l	1.24.1-2	main	false	93356	11d0753f325dd6b5df28e7aa95dc28d69b3a81d9ba0c0bff85f4d04b80a61b64	https://packages.termux.dev/apt/termux-main/pool/main/libv/libv4l/libv4l_1.24.1-2_aarch64.deb
libvidstab	1.1.1-3	main	false	259744	4611cb90ee015b02bf69b5da9031aff64ae1ec11589986e58e37ea6dfe6f4cd4	https://packages.termux.dev/apt/termux-main/pool/main/libv/libvidstab/libvidstab_1.1.1-3_aarch64.deb
libvmaf	3.2.0-1	main	false	190648	a94f2338b1193603ba8ecd6cddbb29b85b0b3c0b4e35bc16ceacb18309672a22	https://packages.termux.dev/apt/termux-main/pool/main/libv/libvmaf/libvmaf_3.2.0-1_aarch64.deb
libvo-amrwbenc	0.1.3-2	main	false	52344	aa913ca492246ed1e6ce57a3c52fe856c323cbb6e8dbdb6904b80214551f6e00	https://packages.termux.dev/apt/termux-main/pool/main/libv/libvo-amrwbenc/libvo-amrwbenc_0.1.3-2_aarch64.deb
libvorbis	1.3.7-4	main	false	261740	6bfd70c4b570b85594bd06116b75a6f8109ec58cbc123e938b630a6eefdedf4e	https://packages.termux.dev/apt/termux-main/pool/main/libv/libvorbis/libvorbis_1.3.7-4_aarch64.deb
libvpx	1:1.16.0	main	false	864244	d3c3c2a5ee7ace0e4cd6a4f10ffe6877bdb4cf44b137c5fe41b489148e0aebf1	https://packages.termux.dev/apt/termux-main/pool/main/libv/libvpx/libvpx_1%3A1.16.0_aarch64.deb
libwayland	1.25.0-1	main	false	127376	1f98af1db541027082b57998a6cd62da0c73701d656210c41283f77cccfb3ed6	https://packages.termux.dev/apt/termux-main/pool/main/libw/libwayland/libwayland_1.25.0-1_aarch64.deb
libwebp	1.6.0-rc1-0	main	false	329496	80fa46bec4faad0ccfd969df5acfd501d813ca9d112b5c49f3f91390e987f3a9	https://packages.termux.dev/apt/termux-main/pool/main/libw/libwebp/libwebp_1.6.0-rc1-0_aarch64.deb
libwebrtc-audio-processing	1.3-5	main	false	409056	136f87d3c8aec04b94392a10174851936d21402f2f28aacdefd2cfd05ced367c	https://packages.termux.dev/apt/termux-main/pool/main/libw/libwebrtc-audio-processing/libwebrtc-audio-processing_1.3-5_aarch64.deb
libx11	1.8.13-1	main	false	1909956	a18c5cf3cfe2670bf1cb4243e3140a0b7639350a4175b5229c969402fdb12e9f	https://packages.termux.dev/apt/termux-main/pool/main/libx/libx11/libx11_1.8.13-1_aarch64.deb
libx264	1:0.164.3191-1	main	false	396540	fe98852cb06ce1c963a54284179d8cda42af2fa82afcac09f7d81e6de4d9bbc1	https://packages.termux.dev/apt/termux-main/pool/main/libx/libx264/libx264_1%3A0.164.3191-1_aarch64.deb
libx265	4.3	main	false	1599320	8dbfd50ad2ceea5ffa2384f0f4cc16a87cbf56ac83b4861fa4f640d1beb352cd	https://packages.termux.dev/apt/termux-main/pool/main/libx/libx265/libx265_4.3_aarch64.deb
libxau	1.0.12-2	main	false	9120	2d86bed61ce89dd8fdb55e565aede10155f2ce3adaccb61d5f1375aec3314083	https://packages.termux.dev/apt/termux-main/pool/main/libx/libxau/libxau_1.0.12-2_aarch64.deb
libxcb	1.17.0-1	main	false	913948	191c3642b6a8c754bc75b69b94a81858ecb5f18766dc085aff55559b8087ad34	https://packages.termux.dev/apt/termux-main/pool/main/libx/libxcb/libxcb_1.17.0-1_aarch64.deb
libxdmcp	1.1.5-2	main	false	24460	caea0cf5c0028af0840774094b8900ef7afffd8f9bbd7b1abfbe66851f0d6077	https://packages.termux.dev/apt/termux-main/pool/main/libx/libxdmcp/libxdmcp_1.1.5-2_aarch64.deb
libxext	1.3.7	main	false	98008	6e98a24e0d1996d25f7db8d70ecae02cfe5fc146343428a065149003454c7fc9	https://packages.termux.dev/apt/termux-main/pool/main/libx/libxext/libxext_1.3.7_aarch64.deb
libxft	2.3.9-1	main	false	47968	50e13e49e55dc0246a8b2ead0f84679bc674cd09ffc0e3e60e885f6886cbe2fd	https://packages.termux.dev/apt/termux-main/pool/main/libx/libxft/libxft_2.3.9-1_aarch64.deb
libxml2	2.15.3-2	main	false	442468	59fbced0c60a7df9ff84faf20d248f563da5ae45a6783ed683faf33e9010fb24	https://packages.termux.dev/apt/termux-main/pool/main/libx/libxml2/libxml2_2.15.3-2_aarch64.deb
libxrender	0.9.12-1	main	false	24572	90b21a4bc266468d540cab654ea7c010dcdd949b60d7136e87dad6966cef5cc0	https://packages.termux.dev/apt/termux-main/pool/main/libx/libxrender/libxrender_0.9.12-1_aarch64.deb
libxshmfence	1.3.3-1	main	false	4548	7644c2969c2ce4d763785bd2a85eb32ccf8e5ad40228cd92b193f7edb6398d92	https://packages.termux.dev/apt/termux-main/pool/main/libx/libxshmfence/libxshmfence_1.3.3-1_aarch64.deb
libxslt	1.1.45-1	main	false	225140	b104451c28d11e44a904cc665326a7161a5d5db6b339d3010096b34778cc0ee1	https://packages.termux.dev/apt/termux-main/pool/main/libx/libxslt/libxslt_1.1.45-1_aarch64.deb
libzimg	3.0.6	main	false	139012	a776d30cdb5734fa8feb17fb89fe8a67d14d64e491777d9b62b0fd714a9b59e8	https://packages.termux.dev/apt/termux-main/pool/main/libz/libzimg/libzimg_3.0.6_aarch64.deb
libzmq	4.3.5-2	main	false	320404	1d59efb56905e79159808c6b656cc768ffcc210012bc2d9b63f23162f65480d2	https://packages.termux.dev/apt/termux-main/pool/main/libz/libzmq/libzmq_4.3.5-2_aarch64.deb
libzopfli	1.0.3-5	main	false	119064	95cd7cb2209fbafb25825f5fcd4f86f021512175608e038b1c3d8d3fa0a4fe40	https://packages.termux.dev/apt/termux-main/pool/main/libz/libzopfli/libzopfli_1.0.3-5_aarch64.deb
littlecms	2.19.1	main	false	143396	274f732a186563beca204f5d016d30cac8e5c24f7c4395b60881f9613eddf1a1	https://packages.termux.dev/apt/termux-main/pool/main/l/littlecms/littlecms_2.19.1_aarch64.deb
lld	21.1.8-3	main	false	2812212	6299c8fdff59dcff972f6b444805bcdb211c2bd797a64d2ddb3875e699f30630	https://packages.termux.dev/apt/termux-main/pool/main/l/lld/lld_21.1.8-3_aarch64.deb
llvm	21.1.8-3	main	false	14911960	2d17e4dde485cae71e6872d19ce1d44555789208708b4e0fd15ebf6818a146d3	https://packages.termux.dev/apt/termux-main/pool/main/l/llvm/llvm_21.1.8-3_aarch64.deb
lua54	5.4.8-10	main	false	161412	075d0dd3cb65f095ffce6181de5aed62b9867399eab10a855d6b167d3f43fbfc	https://packages.termux.dev/apt/termux-main/pool/main/l/lua54/lua54_5.4.8-10_aarch64.deb
luajit	1:2.1.1785763465+g1edc3e5	main	false	292836	0478f84e598726eb4ce78f91a4d5a5fa513a80e957402bd810c29834e4f261fc	https://packages.termux.dev/apt/termux-main/pool/main/l/luajit/luajit_1%3A2.1.1785763465+g1edc3e5_aarch64.deb
make	4.4.1-1	main	false	240436	beb7ac00ee4f9958ec8e584ac1b2e1612c549425674ab2aa197d343594bcc5a3	https://packages.termux.dev/apt/termux-main/pool/main/m/make/make_4.4.1-1_aarch64.deb
mesa-vulkan-icd-swrast	26.0.6-2	main	false	1544132	f85143474a7235b178f56397ec81f655b6b4c473a45b57e563d4f957d6ed8f9c	https://packages.termux.dev/apt/termux-main/pool/main/m/mesa-vulkan-icd-swrast/mesa-vulkan-icd-swrast_26.0.6-2_aarch64.deb
mpv	0.41.0-2	main	false	1051004	c04905f23e72f93bfe604f096c1e55f37d7aee40b54e200919290f3350b6c826	https://packages.termux.dev/apt/termux-main/pool/main/m/mpv/mpv_0.41.0-2_aarch64.deb
ncurses	6.6.20260307+really6.5.20250830	main	false	557792	f44bbfdc3d42ec0217bffa978309390e59cea5a48a9a83226d4a496c42ad0b99	https://packages.termux.dev/apt/termux-main/pool/main/n/ncurses/ncurses_6.6.20260307+really6.5.20250830_aarch64.deb
ncurses-ui-libs	6.6.20260307+really6.5.20250830	main	false	32940	7393f369009be189b3d4ec1f9b16ebd57621d6a1b22949ae07685573950d1f37	https://packages.termux.dev/apt/termux-main/pool/main/n/ncurses-ui-libs/ncurses-ui-libs_6.6.20260307+really6.5.20250830_aarch64.deb
ncurses-utils	6.6.20260307+really6.5.20250830	main	false	89000	6fc33807c23594a2c085780924b87b348b389c6c778588c8f59d8f6669f17d20	https://packages.termux.dev/apt/termux-main/pool/main/n/ncurses-utils/ncurses-utils_6.6.20260307+really6.5.20250830_aarch64.deb
ndk-sysroot	29-2	main	false	1952312	5c03602bc51e8630818e6b75a5fed4c0546198d5e268642fde3732412915a250	https://packages.termux.dev/apt/termux-main/pool/main/n/ndk-sysroot/ndk-sysroot_29-2_aarch64.deb
net-snmp	5.9.5.2	main	true	1383276	5e15ee8d9d47a5b17341b11be7f48c0a03111b13e0e4570e3f61624a741a2b04	https://packages.termux.dev/apt/termux-main/pool/main/n/net-snmp/net-snmp_5.9.5.2_aarch64.deb
nmap	7.991	main	false	5152960	648203f6028bd8881755ada61982e4211886450e53bd8c46922e3e0ac3fa764c	https://packages.termux.dev/apt/termux-main/pool/main/n/nmap/nmap_7.991_aarch64.deb
nodejs	26.4.0	main	false	10343796	f2b8530d6d7ae72ee560d2791686f1849df9644396d56da915b31cd42c50a62d	https://packages.termux.dev/apt/termux-main/pool/main/n/nodejs/nodejs_26.4.0_aarch64.deb
ocl-icd	2.3.5	main	false	104028	2d76ddf09069ad599a4d5b2aee374c58411e1a3b0618b1ca5412467c9fd7b26a	https://packages.termux.dev/apt/termux-main/pool/main/o/ocl-icd/ocl-icd_2.3.5_aarch64.deb
oniguruma	6.9.10-1	main	false	136460	93675574c560cd2f75b32f0bd2fdaa693419dd6ac0e6c71c26ce5fd928cae1c5	https://packages.termux.dev/apt/termux-main/pool/main/o/oniguruma/oniguruma_6.9.10-1_aarch64.deb
openal-soft	1.25.2-1	main	false	666324	d9fa999d37d83ca014ecabaed114ac9bf1fc42cecff859943d85a4de7c7d7afd	https://packages.termux.dev/apt/termux-main/pool/main/o/openal-soft/openal-soft_1.25.2-1_aarch64.deb
openjpeg	2.5.4	main	false	149728	93ad32c8caa0eb8943e2dd86b5c2eaf48a767709a3fa069a5b670d948656c7d8	https://packages.termux.dev/apt/termux-main/pool/main/o/openjpeg/openjpeg_2.5.4_aarch64.deb
openssh	10.5p1	main	false	962244	110dcebd42eb4d147d7fdd132f8834e5cb5ff355ef9ed80385ad33698c984ebe	https://packages.termux.dev/apt/termux-main/pool/main/o/openssh/openssh_10.5p1_aarch64.deb
openssh-sftp-server	10.5p1	main	false	56368	73711b9de70dddf74dc4061ebd301473fb6229d67ed5af67c7dd333142650b6b	https://packages.termux.dev/apt/termux-main/pool/main/o/openssh-sftp-server/openssh-sftp-server_10.5p1_aarch64.deb
openssl	1:3.6.3	main	false	2478376	86760e9ce736f463236f2c15b1eb3a3fdcfc5778d0fd7077a917448dcc90f3aa	https://packages.termux.dev/apt/termux-main/pool/main/o/openssl/openssl_1%3A3.6.3_aarch64.deb
openssl-tool	1:3.6.3	main	false	277884	5dd21b49c243ac26785fe85c85155b8c79de62f2cf1d35d15f6af79aebe6ce08	https://packages.termux.dev/apt/termux-main/pool/main/o/openssl-tool/openssl-tool_1%3A3.6.3_aarch64.deb
opusfile	0.12-4	main	false	42588	6792d9e3c12bc51f92af9d83229c3cec13c1889cb8836b03c49db60d44bfb3bf	https://packages.termux.dev/apt/termux-main/pool/main/o/opusfile/opusfile_0.12-4_aarch64.deb
p11-kit	0.26.5	main	true	468204	7911d7427e3c7182cf364e56a45a92307e5e7fddc105dc468f25ae39aa3e0ad7	https://packages.termux.dev/apt/termux-main/pool/main/p/p11-kit/p11-kit_0.26.5_aarch64.deb
pango	1.58.2	main	false	364204	3089e2de505f3aed90b60235af7723bdc6e90bd0dd954bcd8083848a5d9c19e9	https://packages.termux.dev/apt/termux-main/pool/main/p/pango/pango_1.58.2_aarch64.deb
pcaudiolib	1.3-1	main	false	4332	bc094b98ec986891c718bdb81bf7d72d7d26d4df979b8dc40b7881ad4578f433	https://packages.termux.dev/apt/termux-main/pool/main/p/pcaudiolib/pcaudiolib_1.3-1_aarch64.deb
pcre2	10.47	main	false	961200	51f915d22de639bfca6ec029ae613987bbe3bc73626eede13319fd2e95f50b63	https://packages.termux.dev/apt/termux-main/pool/main/p/pcre2/pcre2_10.47_aarch64.deb
pkg-config	0.29.2-3	main	false	32776	fd6bf82d17dc811488c114a016181801b336f0be4fd2f22f9677ed9aefed42d2	https://packages.termux.dev/apt/termux-main/pool/main/p/pkg-config/pkg-config_0.29.2-3_aarch64.deb
procps	3.3.17-6	main	false	142848	a55809b0bf5de6c3462fdff18325ebcf27bce79e6cb49cd5b7ba52a8ff45af11	https://packages.termux.dev/apt/termux-main/pool/main/p/procps/procps_3.3.17-6_aarch64.deb
proot	5.1.107.89	main	false	95784	ec9fe38c50cfd49dd31fe360ffbcc3124a945dc1ea16293a8a769303dd724f46	https://packages.termux.dev/apt/termux-main/pool/main/p/proot/proot_5.1.107.89_aarch64.deb
psmisc	23.7-1	main	false	41188	99d0db5ba934e7fa38e33bebbda82c78be59b90e4ba85a74a6dabc3d5b5939b0	https://packages.termux.dev/apt/termux-main/pool/main/p/psmisc/psmisc_23.7-1_aarch64.deb
pulseaudio	17.0-4	main	false	848412	b119f3a5beb33273a6457e648a2ea501d6a507be8e99501737897c3ea07854cd	https://packages.termux.dev/apt/termux-main/pool/main/p/pulseaudio/pulseaudio_17.0-4_aarch64.deb
python	3.14.6-1	main	false	4816756	3166e56c2b6c03fff41191fbb9d736302978e7c484702814d9f6dc99dd6006bd	https://packages.termux.dev/apt/termux-main/pool/main/p/python/python_3.14.6-1_aarch64.deb
python-pip	26.2.1	main	false	1190440	92a9cb4b3c99dd20086f90fedc95c604eefc5bd0f88d1862690884474f82de44	https://packages.termux.dev/apt/termux-main/pool/main/p/python-pip/python-pip_26.2.1_all.deb
readline	8.3.3	main	false	293684	e50fb67f40753247dbb83efb17c7fbee0ac868ffcb5b5555d44d76ec8d90b4b1	https://packages.termux.dev/apt/termux-main/pool/main/r/readline/readline_8.3.3_aarch64.deb
resolv-conf	1.3	main	false	976	ab541abac8e0c81709cd7ca4a02bcfa0d60ba1f4bfe7fd6dce4a694a4a9dfffa	https://packages.termux.dev/apt/termux-main/pool/main/r/resolv-conf/resolv-conf_1.3_aarch64.deb
rhash	1.4.6-1	main	false	163252	e646c4c5c73a1654d503c30971213b5e2912f39b5c61b614e42702cffe8aa221	https://packages.termux.dev/apt/termux-main/pool/main/r/rhash/rhash_1.4.6-1_aarch64.deb
rubberband	4.0.0-1	main	false	205764	1172030a1e3ed70976114c8ca3eb4da0b82c1714825bd751ac1ada606dbc685a	https://packages.termux.dev/apt/termux-main/pool/main/r/rubberband/rubberband_4.0.0-1_aarch64.deb
rust	1.97.1	main	false	125335804	55c7eae124034fb8cf738f58031b4b7d0182e84325675d7e6da116cf3af0ca41	https://packages.termux.dev/apt/termux-main/pool/main/r/rust/rust_1.97.1_aarch64.deb
rust-std-aarch64-linux-android	1.97.1	main	false	4612876	98eeb5a632468a9d067b4ff7b5a2b263ae1ba9b16dc14464c96396041b68033e	https://packages.termux.dev/apt/termux-main/pool/main/r/rust-std-aarch64-linux-android/rust-std-aarch64-linux-android_1.97.1_aarch64.deb
samba	4.16.11-6	main	true	6220644	4c8527192357dacf066e967e99cc1f523302204ffa6acc4b6b1b45966ad6ce10	https://packages.termux.dev/apt/termux-main/pool/main/s/samba/samba_4.16.11-6_aarch64.deb
sed	4.9-2	main	false	117628	c355057bc410eba0b462210ad12d05e63a5f5593bbfc93d2c9cde1116384eacf	https://packages.termux.dev/apt/termux-main/pool/main/s/sed/sed_4.9-2_aarch64.deb
sox	14.4.2-29	main	false	499360	a0e5d177485603dd7421854fad694ebfa542d1203406900b6cabdb72ee727c24	https://packages.termux.dev/apt/termux-main/pool/main/s/sox/sox_14.4.2-29_aarch64.deb
speexdsp	1.2.1-1	main	false	37332	21cd5d122a8d24dffb9b2926dff7059f8f42cde7c5a91f27ea5c9b4f40356be0	https://packages.termux.dev/apt/termux-main/pool/main/s/speexdsp/speexdsp_1.2.1-1_aarch64.deb
svt-av1	4.2.0	main	false	1490768	e1fd576d086e2d870429e3ae16610b24cb1d0c8f9fcf330fa0abba9e867aabdb	https://packages.termux.dev/apt/termux-main/pool/main/s/svt-av1/svt-av1_4.2.0_aarch64.deb
tar	1.35-3	main	false	345636	a3847bc259b8654f621d36fa6345b1d6e93932e60e315e526eac2e3ecc5549ec	https://packages.termux.dev/apt/termux-main/pool/main/t/tar/tar_1.35-3_aarch64.deb
tdb-tools	1.4.15	main	true	17748	fa26d508f030faa1bfc9f9186ad2b6bbc3eb65e3b2cf944c0cdfff3aee5c49c8	https://packages.termux.dev/apt/termux-main/pool/main/t/tdb-tools/tdb-tools_1.4.15_aarch64.deb
termux-am	0.8.0-2	main	false	577260	c67200a3c1750819e0aef91be6f166395b61be7f7b2e1437a7294643956f5d32	https://packages.termux.dev/apt/termux-main/pool/main/t/termux-am/termux-am_0.8.0-2_all.deb
termux-am-socket	1.5.0-1	main	false	16132	dcf53ccb7e1ac46d50e1de9d5e182b748157ba53fbaf47e7a2d50d78447c550b	https://packages.termux.dev/apt/termux-main/pool/main/t/termux-am-socket/termux-am-socket_1.5.0-1_aarch64.deb
termux-api	0.59.1-1	main	false	28896	2b45c985c49420467b3452fd10d5e570a108d20bb2057a13b4d47f5a147f6186	https://packages.termux.dev/apt/termux-main/pool/main/t/termux-api/termux-api_0.59.1-1_aarch64.deb
termux-auth	1.5.0-1	main	false	6996	917f431ae85368deccf3a859e66fa9c9e99d354a0e948fc5ba174ce0359b37a9	https://packages.termux.dev/apt/termux-main/pool/main/t/termux-auth/termux-auth_1.5.0-1_aarch64.deb
termux-core	0.4.0-1	main	false	198224	4f809d70eff0afa8c1beccbf4b5f65e0f59207867462a3a2f66b3e2fcd64b057	https://packages.termux.dev/apt/termux-main/pool/main/t/termux-core/termux-core_0.4.0-1_aarch64.deb
termux-exec	1:2.5.0-1	main	false	287356	fd6a06a6a74c6fba2d1cec56dc8b5726e6488918322b06fd19fe5cff34b28a5d	https://packages.termux.dev/apt/termux-main/pool/main/t/termux-exec/termux-exec_1%3A2.5.0-1_aarch64.deb
termux-tools	1.46.0+really1.45.0-1	main	false	33592	970fb05a835169f218ea73479eda0f2574f5f70c2af54119f42f77e97cee98e1	https://packages.termux.dev/apt/termux-main/pool/main/t/termux-tools/termux-tools_1.46.0+really1.45.0-1_aarch64.deb
tor	0.4.9.11	main	false	3321768	3e4f7b031aa27604fb692f8b0d90e67be948980dd7cfc9372f3a1b17d0d9973c	https://packages.termux.dev/apt/termux-main/pool/main/t/tor/tor_0.4.9.11_aarch64.deb
ttf-dejavu	2.37-8	main	false	2468280	3fa9352d528cb19aebcdd2de5d1fb0cb67b201be3ae264207fc1a277d2cfd6da	https://packages.termux.dev/apt/termux-main/pool/main/t/ttf-dejavu/ttf-dejavu_2.37-8_all.deb
unrar	7.2.7	main	false	165460	0b00a35606f438c4e6825719843841d264077b0cdb8a5af37ed03b9345f08474	https://packages.termux.dev/apt/termux-main/pool/main/u/unrar/unrar_7.2.7_aarch64.deb
unzip	6.0-10	main	false	117092	9e0b3320ff446d9989c048047a305c679b66f30b6fb4b04225a54821af37345b	https://packages.termux.dev/apt/termux-main/pool/main/u/unzip/unzip_6.0-10_aarch64.deb
util-linux	2.42.1-4	main	false	787936	d860076365b60b657467b3b393960d070d99d05c5e1c11ce7062612c34571425	https://packages.termux.dev/apt/termux-main/pool/main/u/util-linux/util-linux_2.42.1-4_aarch64.deb
vulkan-icd	0.1	main	false	720	c9d2a6be2a97b5b014deff5bc620cfff28644cb72491d7f8ea7870ced31c619e	https://packages.termux.dev/apt/termux-main/pool/main/v/vulkan-icd/vulkan-icd_0.1_all.deb
vulkan-loader-generic	1.4.359	main	false	128664	ed6c8fe3cf01e5c1de8bfd8bd1ec73fa38114ba48594660883f9af44d2ca4054	https://packages.termux.dev/apt/termux-main/pool/main/v/vulkan-loader-generic/vulkan-loader-generic_1.4.359_aarch64.deb
wget	1.25.0-1	main	false	281248	f2631519e0b9add766a82b6fa9b294476bddb6cad9033c214c7575b5822a8bc4	https://packages.termux.dev/apt/termux-main/pool/main/w/wget/wget_1.25.0-1_aarch64.deb
whois	5.6.6	main	false	38972	8b5f7161e9779ec18ea6e166eaebd77eea794f56a42f7752819b75068b306172	https://packages.termux.dev/apt/termux-main/pool/main/w/whois/whois_5.6.6_aarch64.deb
xorg-util-macros	1.20.2	main	false	21948	11765ad1a6f181e36f807464f7b4360593d847dce245202a393eb2ca156520d0	https://packages.termux.dev/apt/termux-main/pool/main/x/xorg-util-macros/xorg-util-macros_1.20.2_all.deb
xorgproto	2025.1	main	false	249676	cd2a6405a79540f6cc0dbc991fffdbe68058f3223ed456ac66c07207048ef62f	https://packages.termux.dev/apt/termux-main/pool/main/x/xorgproto/xorgproto_2025.1_all.deb
xvidcore	1.3.7-1	main	false	128616	2f358b11fd750935b43ac19f09bb7c4228e007079426e0b73ee8bae1ddf26fc1	https://packages.termux.dev/apt/termux-main/pool/main/x/xvidcore/xvidcore_1.3.7-1_aarch64.deb
xz-utils	5.8.3	main	false	71200	7e7999d0b967e4aa4f57c0c8f66dcacd83b310252278047404376d171961f03f	https://packages.termux.dev/apt/termux-main/pool/main/x/xz-utils/xz-utils_5.8.3_aarch64.deb
zip	3.0-7	main	false	142212	0c121e7f633e439e3c46f6e661e7a3f488ef5ee446cdcff5aed4c9ddf25001bf	https://packages.termux.dev/apt/termux-main/pool/main/z/zip/zip_3.0-7_aarch64.deb
zlib	1.3.2	main	false	62840	75e7d0af17fcc3b40004309fdc00a1ddb9ae08346dce5e269902c34ac3966ac9	https://packages.termux.dev/apt/termux-main/pool/main/z/zlib/zlib_1.3.2_aarch64.deb
zstd	1.5.7-1	main	false	360488	e1b4a5113648da8de189620ba1fce74c48b2d0833d9043391b9a1c91fb606fd3	https://packages.termux.dev/apt/termux-main/pool/main/z/zstd/zstd_1.5.7-1_aarch64.deb
